"Laikotarpis","Rodiklis","Administracinė teritorija","Gyvenamoji vietovė","Matavimo vienetai","Reikšmė"
"2020","Nuolatinių gyventojų skaičius liepos 1 d.","Lietuvos Respublika","Miestas ir kaimas","asmenys","2796025"
"2020","Nuolatinių gyventojų skaičius liepos 1 d.","Lietuvos Respublika","Miestas","asmenys","1887323"
"2020","Nuolatinių gyventojų skaičius liepos 1 d.","Lietuvos Respublika","Kaimas","asmenys","908702"
"2021","Nuolatinių gyventojų skaičius liepos 1 d.","Lietuvos Respublika","Miestas ir kaimas","asmenys","2808219"
"2021","Nuolatinių gyventojų skaičius liepos 1 d.","Lietuvos Respublika","Miestas","asmenys","1915260"
"2021","Nuolatinių gyventojų skaičius liepos 1 d.","Lietuvos Respublika","Kaimas","asmenys","892959"
"2022","Nuolatinių gyventojų skaičius liepos 1 d.","Lietuvos Respublika","Miestas ir kaimas","asmenys","2830097"
"2022","Nuolatinių gyventojų skaičius liepos 1 d.","Lietuvos Respublika","Miestas","asmenys","1940167"
"2022","Nuolatinių gyventojų skaičius liepos 1 d.","Lietuvos Respublika","Kaimas","asmenys","889930"
"2020","Nuolatinių gyventojų skaičius liepos 1 d.","Sostinės regionas","Miestas ir kaimas","asmenys","825231"
"2020","Nuolatinių gyventojų skaičius liepos 1 d.","Sostinės regionas","Miestas","asmenys","652844"
"2020","Nuolatinių gyventojų skaičius liepos 1 d.","Sostinės regionas","Kaimas","asmenys","172387"
"2021","Nuolatinių gyventojų skaičius liepos 1 d.","Sostinės regionas","Miestas ir kaimas","asmenys","813327"
"2021","Nuolatinių gyventojų skaičius liepos 1 d.","Sostinės regionas","Miestas","asmenys","647749"
"2021","Nuolatinių gyventojų skaičius liepos 1 d.","Sostinės regionas","Kaimas","asmenys","165578"
"2022","Nuolatinių gyventojų skaičius liepos 1 d.","Sostinės regionas","Miestas ir kaimas","asmenys","833190"
"2022","Nuolatinių gyventojų skaičius liepos 1 d.","Sostinės regionas","Miestas","asmenys","665092"
"2022","Nuolatinių gyventojų skaičius liepos 1 d.","Sostinės regionas","Kaimas","asmenys","168098"
"2020","Nuolatinių gyventojų skaičius liepos 1 d.","Vilniaus apskritis","Miestas ir kaimas","asmenys","825231"
"2020","Nuolatinių gyventojų skaičius liepos 1 d.","Vilniaus apskritis","Miestas","asmenys","652844"
"2020","Nuolatinių gyventojų skaičius liepos 1 d.","Vilniaus apskritis","Kaimas","asmenys","172387"
"2021","Nuolatinių gyventojų skaičius liepos 1 d.","Vilniaus apskritis","Miestas ir kaimas","asmenys","813327"
"2021","Nuolatinių gyventojų skaičius liepos 1 d.","Vilniaus apskritis","Miestas","asmenys","647749"
"2021","Nuolatinių gyventojų skaičius liepos 1 d.","Vilniaus apskritis","Kaimas","asmenys","165578"
"2022","Nuolatinių gyventojų skaičius liepos 1 d.","Vilniaus apskritis","Miestas ir kaimas","asmenys","833190"
"2022","Nuolatinių gyventojų skaičius liepos 1 d.","Vilniaus apskritis","Miestas","asmenys","665092"
"2022","Nuolatinių gyventojų skaičius liepos 1 d.","Vilniaus apskritis","Kaimas","asmenys","168098"
"2020","Nuolatinių gyventojų skaičius liepos 1 d.","Elektrėnų sav.","Miestas ir kaimas","asmenys","24013"
"2020","Nuolatinių gyventojų skaičius liepos 1 d.","Elektrėnų sav.","Miestas","asmenys","16087"
"2020","Nuolatinių gyventojų skaičius liepos 1 d.","Elektrėnų sav.","Kaimas","asmenys","7926"
"2021","Nuolatinių gyventojų skaičius liepos 1 d.","Elektrėnų sav.","Miestas ir kaimas","asmenys","23439"
"2021","Nuolatinių gyventojų skaičius liepos 1 d.","Elektrėnų sav.","Miestas","asmenys","15617"
"2021","Nuolatinių gyventojų skaičius liepos 1 d.","Elektrėnų sav.","Kaimas","asmenys","7822"
"2022","Nuolatinių gyventojų skaičius liepos 1 d.","Elektrėnų sav.","Miestas ir kaimas","asmenys","23737"
"2022","Nuolatinių gyventojų skaičius liepos 1 d.","Elektrėnų sav.","Miestas","asmenys","15932"
"2022","Nuolatinių gyventojų skaičius liepos 1 d.","Elektrėnų sav.","Kaimas","asmenys","7805"
"2020","Nuolatinių gyventojų skaičius liepos 1 d.","Šalčininkų r. sav.","Miestas ir kaimas","asmenys","30390"
"2020","Nuolatinių gyventojų skaičius liepos 1 d.","Šalčininkų r. sav.","Miestas","asmenys","10666"
"2020","Nuolatinių gyventojų skaičius liepos 1 d.","Šalčininkų r. sav.","Kaimas","asmenys","19724"
"2021","Nuolatinių gyventojų skaičius liepos 1 d.","Šalčininkų r. sav.","Miestas ir kaimas","asmenys","29866"
"2021","Nuolatinių gyventojų skaičius liepos 1 d.","Šalčininkų r. sav.","Miestas","asmenys","10676"
"2021","Nuolatinių gyventojų skaičius liepos 1 d.","Šalčininkų r. sav.","Kaimas","asmenys","19190"
"2022","Nuolatinių gyventojų skaičius liepos 1 d.","Šalčininkų r. sav.","Miestas ir kaimas","asmenys","29657"
"2022","Nuolatinių gyventojų skaičius liepos 1 d.","Šalčininkų r. sav.","Miestas","asmenys","10666"
"2022","Nuolatinių gyventojų skaičius liepos 1 d.","Šalčininkų r. sav.","Kaimas","asmenys","18991"
"2020","Nuolatinių gyventojų skaičius liepos 1 d.","Širvintų r. sav.","Miestas ir kaimas","asmenys","15007"
"2020","Nuolatinių gyventojų skaičius liepos 1 d.","Širvintų r. sav.","Miestas","asmenys","5488"
"2020","Nuolatinių gyventojų skaičius liepos 1 d.","Širvintų r. sav.","Kaimas","asmenys","9519"
"2021","Nuolatinių gyventojų skaičius liepos 1 d.","Širvintų r. sav.","Miestas ir kaimas","asmenys","14962"
"2021","Nuolatinių gyventojų skaičius liepos 1 d.","Širvintų r. sav.","Miestas","asmenys","5773"
"2021","Nuolatinių gyventojų skaičius liepos 1 d.","Širvintų r. sav.","Kaimas","asmenys","9189"
"2022","Nuolatinių gyventojų skaičius liepos 1 d.","Širvintų r. sav.","Miestas ir kaimas","asmenys","14844"
"2022","Nuolatinių gyventojų skaičius liepos 1 d.","Širvintų r. sav.","Miestas","asmenys","5780"
"2022","Nuolatinių gyventojų skaičius liepos 1 d.","Širvintų r. sav.","Kaimas","asmenys","9064"
"2020","Nuolatinių gyventojų skaičius liepos 1 d.","Švenčionių r. sav.","Miestas ir kaimas","asmenys","22682"
"2020","Nuolatinių gyventojų skaičius liepos 1 d.","Švenčionių r. sav.","Miestas","asmenys","13994"
"2020","Nuolatinių gyventojų skaičius liepos 1 d.","Švenčionių r. sav.","Kaimas","asmenys","8688"
"2021","Nuolatinių gyventojų skaičius liepos 1 d.","Švenčionių r. sav.","Miestas ir kaimas","asmenys","22746"
"2021","Nuolatinių gyventojų skaičius liepos 1 d.","Švenčionių r. sav.","Miestas","asmenys","13986"
"2021","Nuolatinių gyventojų skaičius liepos 1 d.","Švenčionių r. sav.","Kaimas","asmenys","8760"
"2022","Nuolatinių gyventojų skaičius liepos 1 d.","Švenčionių r. sav.","Miestas ir kaimas","asmenys","22326"
"2022","Nuolatinių gyventojų skaičius liepos 1 d.","Švenčionių r. sav.","Miestas","asmenys","13817"
"2022","Nuolatinių gyventojų skaičius liepos 1 d.","Švenčionių r. sav.","Kaimas","asmenys","8509"
"2020","Nuolatinių gyventojų skaičius liepos 1 d.","Trakų r. sav.","Miestas ir kaimas","asmenys","32823"
"2020","Nuolatinių gyventojų skaičius liepos 1 d.","Trakų r. sav.","Miestas","asmenys","16093"
"2020","Nuolatinių gyventojų skaičius liepos 1 d.","Trakų r. sav.","Kaimas","asmenys","16730"
"2021","Nuolatinių gyventojų skaičius liepos 1 d.","Trakų r. sav.","Miestas ir kaimas","asmenys","32132"
"2021","Nuolatinių gyventojų skaičius liepos 1 d.","Trakų r. sav.","Miestas","asmenys","17042"
"2021","Nuolatinių gyventojų skaičius liepos 1 d.","Trakų r. sav.","Kaimas","asmenys","15090"
"2022","Nuolatinių gyventojų skaičius liepos 1 d.","Trakų r. sav.","Miestas ir kaimas","asmenys","33131"
"2022","Nuolatinių gyventojų skaičius liepos 1 d.","Trakų r. sav.","Miestas","asmenys","17456"
"2022","Nuolatinių gyventojų skaičius liepos 1 d.","Trakų r. sav.","Kaimas","asmenys","15675"
"2020","Nuolatinių gyventojų skaičius liepos 1 d.","Ukmergės r. sav.","Miestas ir kaimas","asmenys","33222"
"2020","Nuolatinių gyventojų skaičius liepos 1 d.","Ukmergės r. sav.","Miestas","asmenys","20027"
"2020","Nuolatinių gyventojų skaičius liepos 1 d.","Ukmergės r. sav.","Kaimas","asmenys","13195"
"2021","Nuolatinių gyventojų skaičius liepos 1 d.","Ukmergės r. sav.","Miestas ir kaimas","asmenys","34348"
"2021","Nuolatinių gyventojų skaičius liepos 1 d.","Ukmergės r. sav.","Miestas","asmenys","21117"
"2021","Nuolatinių gyventojų skaičius liepos 1 d.","Ukmergės r. sav.","Kaimas","asmenys","13231"
"2022","Nuolatinių gyventojų skaičius liepos 1 d.","Ukmergės r. sav.","Miestas ir kaimas","asmenys","33950"
"2022","Nuolatinių gyventojų skaičius liepos 1 d.","Ukmergės r. sav.","Miestas","asmenys","20954"
"2022","Nuolatinių gyventojų skaičius liepos 1 d.","Ukmergės r. sav.","Kaimas","asmenys","12996"
"2020","Nuolatinių gyventojų skaičius liepos 1 d.","Vilniaus m. sav.","Miestas ir kaimas","asmenys","566215"
"2020","Nuolatinių gyventojų skaičius liepos 1 d.","Vilniaus m. sav.","Miestas","asmenys","566018"
"2020","Nuolatinių gyventojų skaičius liepos 1 d.","Vilniaus m. sav.","Kaimas","asmenys","197"
"2021","Nuolatinių gyventojų skaičius liepos 1 d.","Vilniaus m. sav.","Miestas ir kaimas","asmenys","559122"
"2021","Nuolatinių gyventojų skaičius liepos 1 d.","Vilniaus m. sav.","Miestas","asmenys","558738"
"2021","Nuolatinių gyventojų skaičius liepos 1 d.","Vilniaus m. sav.","Kaimas","asmenys","384"
"2022","Nuolatinių gyventojų skaičius liepos 1 d.","Vilniaus m. sav.","Miestas ir kaimas","asmenys","576195"
"2022","Nuolatinių gyventojų skaičius liepos 1 d.","Vilniaus m. sav.","Miestas","asmenys","575809"
"2022","Nuolatinių gyventojų skaičius liepos 1 d.","Vilniaus m. sav.","Kaimas","asmenys","386"
"2020","Nuolatinių gyventojų skaičius liepos 1 d.","Vilniaus r. sav.","Miestas ir kaimas","asmenys","100879"
"2020","Nuolatinių gyventojų skaičius liepos 1 d.","Vilniaus r. sav.","Miestas","asmenys","4471"
"2020","Nuolatinių gyventojų skaičius liepos 1 d.","Vilniaus r. sav.","Kaimas","asmenys","96408"
"2021","Nuolatinių gyventojų skaičius liepos 1 d.","Vilniaus r. sav.","Miestas ir kaimas","asmenys","96712"
"2021","Nuolatinių gyventojų skaičius liepos 1 d.","Vilniaus r. sav.","Miestas","asmenys","4800"
"2021","Nuolatinių gyventojų skaičius liepos 1 d.","Vilniaus r. sav.","Kaimas","asmenys","91912"
"2022","Nuolatinių gyventojų skaičius liepos 1 d.","Vilniaus r. sav.","Miestas ir kaimas","asmenys","99350"
"2022","Nuolatinių gyventojų skaičius liepos 1 d.","Vilniaus r. sav.","Miestas","asmenys","4678"
"2022","Nuolatinių gyventojų skaičius liepos 1 d.","Vilniaus r. sav.","Kaimas","asmenys","94672"
"2020","Nuolatinių gyventojų skaičius liepos 1 d.","Vidurio ir vakarų Lietuvos regionas","Miestas ir kaimas","asmenys","1970794"
"2020","Nuolatinių gyventojų skaičius liepos 1 d.","Vidurio ir vakarų Lietuvos regionas","Miestas","asmenys","1234479"
"2020","Nuolatinių gyventojų skaičius liepos 1 d.","Vidurio ir vakarų Lietuvos regionas","Kaimas","asmenys","736315"
"2021","Nuolatinių gyventojų skaičius liepos 1 d.","Vidurio ir vakarų Lietuvos regionas","Miestas ir kaimas","asmenys","1994892"
"2021","Nuolatinių gyventojų skaičius liepos 1 d.","Vidurio ir vakarų Lietuvos regionas","Miestas","asmenys","1267511"
"2021","Nuolatinių gyventojų skaičius liepos 1 d.","Vidurio ir vakarų Lietuvos regionas","Kaimas","asmenys","727381"
"2022","Nuolatinių gyventojų skaičius liepos 1 d.","Vidurio ir vakarų Lietuvos regionas","Miestas ir kaimas","asmenys","1996907"
"2022","Nuolatinių gyventojų skaičius liepos 1 d.","Vidurio ir vakarų Lietuvos regionas","Miestas","asmenys","1275075"
"2022","Nuolatinių gyventojų skaičius liepos 1 d.","Vidurio ir vakarų Lietuvos regionas","Kaimas","asmenys","721832"
"2020","Nuolatinių gyventojų skaičius liepos 1 d.","Alytaus apskritis","Miestas ir kaimas","asmenys","133319"
"2020","Nuolatinių gyventojų skaičius liepos 1 d.","Alytaus apskritis","Miestas","asmenys","76288"
"2020","Nuolatinių gyventojų skaičius liepos 1 d.","Alytaus apskritis","Kaimas","asmenys","57031"
"2021","Nuolatinių gyventojų skaičius liepos 1 d.","Alytaus apskritis","Miestas ir kaimas","asmenys","136795"
"2021","Nuolatinių gyventojų skaičius liepos 1 d.","Alytaus apskritis","Miestas","asmenys","80544"
"2021","Nuolatinių gyventojų skaičius liepos 1 d.","Alytaus apskritis","Kaimas","asmenys","56251"
"2022","Nuolatinių gyventojų skaičius liepos 1 d.","Alytaus apskritis","Miestas ir kaimas","asmenys","135748"
"2022","Nuolatinių gyventojų skaičius liepos 1 d.","Alytaus apskritis","Miestas","asmenys","80406"
"2022","Nuolatinių gyventojų skaičius liepos 1 d.","Alytaus apskritis","Kaimas","asmenys","55342"
"2020","Nuolatinių gyventojų skaičius liepos 1 d.","Alytaus m. sav.","Miestas ir kaimas","asmenys","49607"
"2020","Nuolatinių gyventojų skaičius liepos 1 d.","Alytaus m. sav.","Miestas","asmenys","49607"
"2020","Nuolatinių gyventojų skaičius liepos 1 d.","Alytaus m. sav.","Kaimas","asmenys",
"2021","Nuolatinių gyventojų skaičius liepos 1 d.","Alytaus m. sav.","Miestas ir kaimas","asmenys","52256"
"2021","Nuolatinių gyventojų skaičius liepos 1 d.","Alytaus m. sav.","Miestas","asmenys","52256"
"2021","Nuolatinių gyventojų skaičius liepos 1 d.","Alytaus m. sav.","Kaimas","asmenys",
"2022","Nuolatinių gyventojų skaičius liepos 1 d.","Alytaus m. sav.","Miestas ir kaimas","asmenys","52020"
"2022","Nuolatinių gyventojų skaičius liepos 1 d.","Alytaus m. sav.","Miestas","asmenys","52020"
"2022","Nuolatinių gyventojų skaičius liepos 1 d.","Alytaus m. sav.","Kaimas","asmenys",
"2020","Nuolatinių gyventojų skaičius liepos 1 d.","Alytaus r. sav.","Miestas ir kaimas","asmenys","25863"
"2020","Nuolatinių gyventojų skaičius liepos 1 d.","Alytaus r. sav.","Miestas","asmenys","2112"
"2020","Nuolatinių gyventojų skaičius liepos 1 d.","Alytaus r. sav.","Kaimas","asmenys","23751"
"2021","Nuolatinių gyventojų skaičius liepos 1 d.","Alytaus r. sav.","Miestas ir kaimas","asmenys","25516"
"2021","Nuolatinių gyventojų skaičius liepos 1 d.","Alytaus r. sav.","Miestas","asmenys","2232"
"2021","Nuolatinių gyventojų skaičius liepos 1 d.","Alytaus r. sav.","Kaimas","asmenys","23284"
"2022","Nuolatinių gyventojų skaičius liepos 1 d.","Alytaus r. sav.","Miestas ir kaimas","asmenys","25278"
"2022","Nuolatinių gyventojų skaičius liepos 1 d.","Alytaus r. sav.","Miestas","asmenys","2158"
"2022","Nuolatinių gyventojų skaičius liepos 1 d.","Alytaus r. sav.","Kaimas","asmenys","23120"
"2020","Nuolatinių gyventojų skaičius liepos 1 d.","Druskininkų sav.","Miestas ir kaimas","asmenys","19059"
"2020","Nuolatinių gyventojų skaičius liepos 1 d.","Druskininkų sav.","Miestas","asmenys","11993"
"2020","Nuolatinių gyventojų skaičius liepos 1 d.","Druskininkų sav.","Kaimas","asmenys","7066"
"2021","Nuolatinių gyventojų skaičius liepos 1 d.","Druskininkų sav.","Miestas ir kaimas","asmenys","19997"
"2021","Nuolatinių gyventojų skaičius liepos 1 d.","Druskininkų sav.","Miestas","asmenys","12854"
"2021","Nuolatinių gyventojų skaičius liepos 1 d.","Druskininkų sav.","Kaimas","asmenys","7143"
"2022","Nuolatinių gyventojų skaičius liepos 1 d.","Druskininkų sav.","Miestas ir kaimas","asmenys","20178"
"2022","Nuolatinių gyventojų skaičius liepos 1 d.","Druskininkų sav.","Miestas","asmenys","13126"
"2022","Nuolatinių gyventojų skaičius liepos 1 d.","Druskininkų sav.","Kaimas","asmenys","7052"
"2020","Nuolatinių gyventojų skaičius liepos 1 d.","Lazdijų r. sav.","Miestas ir kaimas","asmenys","18083"
"2020","Nuolatinių gyventojų skaičius liepos 1 d.","Lazdijų r. sav.","Miestas","asmenys","4726"
"2020","Nuolatinių gyventojų skaičius liepos 1 d.","Lazdijų r. sav.","Kaimas","asmenys","13357"
"2021","Nuolatinių gyventojų skaičius liepos 1 d.","Lazdijų r. sav.","Miestas ir kaimas","asmenys","18083"
"2021","Nuolatinių gyventojų skaičius liepos 1 d.","Lazdijų r. sav.","Miestas","asmenys","5099"
"2021","Nuolatinių gyventojų skaičius liepos 1 d.","Lazdijų r. sav.","Kaimas","asmenys","12984"
"2022","Nuolatinių gyventojų skaičius liepos 1 d.","Lazdijų r. sav.","Miestas ir kaimas","asmenys","17673"
"2022","Nuolatinių gyventojų skaičius liepos 1 d.","Lazdijų r. sav.","Miestas","asmenys","5011"
"2022","Nuolatinių gyventojų skaičius liepos 1 d.","Lazdijų r. sav.","Kaimas","asmenys","12662"
"2020","Nuolatinių gyventojų skaičius liepos 1 d.","Varėnos r. sav.","Miestas ir kaimas","asmenys","20707"
"2020","Nuolatinių gyventojų skaičius liepos 1 d.","Varėnos r. sav.","Miestas","asmenys","7850"
"2020","Nuolatinių gyventojų skaičius liepos 1 d.","Varėnos r. sav.","Kaimas","asmenys","12857"
"2021","Nuolatinių gyventojų skaičius liepos 1 d.","Varėnos r. sav.","Miestas ir kaimas","asmenys","20943"
"2021","Nuolatinių gyventojų skaičius liepos 1 d.","Varėnos r. sav.","Miestas","asmenys","8103"
"2021","Nuolatinių gyventojų skaičius liepos 1 d.","Varėnos r. sav.","Kaimas","asmenys","12840"
"2022","Nuolatinių gyventojų skaičius liepos 1 d.","Varėnos r. sav.","Miestas ir kaimas","asmenys","20599"
"2022","Nuolatinių gyventojų skaičius liepos 1 d.","Varėnos r. sav.","Miestas","asmenys","8091"
"2022","Nuolatinių gyventojų skaičius liepos 1 d.","Varėnos r. sav.","Kaimas","asmenys","12508"
"2020","Nuolatinių gyventojų skaičius liepos 1 d.","Kauno apskritis","Miestas ir kaimas","asmenys","564593"
"2020","Nuolatinių gyventojų skaičius liepos 1 d.","Kauno apskritis","Miestas","asmenys","389656"
"2020","Nuolatinių gyventojų skaičius liepos 1 d.","Kauno apskritis","Kaimas","asmenys","174937"
"2021","Nuolatinių gyventojų skaičius liepos 1 d.","Kauno apskritis","Miestas ir kaimas","asmenys","569602"
"2021","Nuolatinių gyventojų skaičius liepos 1 d.","Kauno apskritis","Miestas","asmenys","399599"
"2021","Nuolatinių gyventojų skaičius liepos 1 d.","Kauno apskritis","Kaimas","asmenys","170003"
"2022","Nuolatinių gyventojų skaičius liepos 1 d.","Kauno apskritis","Miestas ir kaimas","asmenys","573833"
"2022","Nuolatinių gyventojų skaičius liepos 1 d.","Kauno apskritis","Miestas","asmenys","401649"
"2022","Nuolatinių gyventojų skaičius liepos 1 d.","Kauno apskritis","Kaimas","asmenys","172184"
"2020","Nuolatinių gyventojų skaičius liepos 1 d.","Birštono sav.","Miestas ir kaimas","asmenys","4036"
"2020","Nuolatinių gyventojų skaičius liepos 1 d.","Birštono sav.","Miestas","asmenys","2884"
"2020","Nuolatinių gyventojų skaičius liepos 1 d.","Birštono sav.","Kaimas","asmenys","1152"
"2021","Nuolatinių gyventojų skaičius liepos 1 d.","Birštono sav.","Miestas ir kaimas","asmenys","4117"
"2021","Nuolatinių gyventojų skaičius liepos 1 d.","Birštono sav.","Miestas","asmenys","3058"
"2021","Nuolatinių gyventojų skaičius liepos 1 d.","Birštono sav.","Kaimas","asmenys","1059"
"2022","Nuolatinių gyventojų skaičius liepos 1 d.","Birštono sav.","Miestas ir kaimas","asmenys","4128"
"2022","Nuolatinių gyventojų skaičius liepos 1 d.","Birštono sav.","Miestas","asmenys","3078"
"2022","Nuolatinių gyventojų skaičius liepos 1 d.","Birštono sav.","Kaimas","asmenys","1050"
"2020","Nuolatinių gyventojų skaičius liepos 1 d.","Jonavos r. sav.","Miestas ir kaimas","asmenys","40944"
"2020","Nuolatinių gyventojų skaičius liepos 1 d.","Jonavos r. sav.","Miestas","asmenys","26287"
"2020","Nuolatinių gyventojų skaičius liepos 1 d.","Jonavos r. sav.","Kaimas","asmenys","14657"
"2021","Nuolatinių gyventojų skaičius liepos 1 d.","Jonavos r. sav.","Miestas ir kaimas","asmenys","41409"
"2021","Nuolatinių gyventojų skaičius liepos 1 d.","Jonavos r. sav.","Miestas","asmenys","27203"
"2021","Nuolatinių gyventojų skaičius liepos 1 d.","Jonavos r. sav.","Kaimas","asmenys","14206"
"2022","Nuolatinių gyventojų skaičius liepos 1 d.","Jonavos r. sav.","Miestas ir kaimas","asmenys","41238"
"2022","Nuolatinių gyventojų skaičius liepos 1 d.","Jonavos r. sav.","Miestas","asmenys","26916"
"2022","Nuolatinių gyventojų skaičius liepos 1 d.","Jonavos r. sav.","Kaimas","asmenys","14322"
"2020","Nuolatinių gyventojų skaičius liepos 1 d.","Kaišiadorių r. sav.","Miestas ir kaimas","asmenys","29356"
"2020","Nuolatinių gyventojų skaičius liepos 1 d.","Kaišiadorių r. sav.","Miestas","asmenys","10437"
"2020","Nuolatinių gyventojų skaičius liepos 1 d.","Kaišiadorių r. sav.","Kaimas","asmenys","18919"
"2021","Nuolatinių gyventojų skaičius liepos 1 d.","Kaišiadorių r. sav.","Miestas ir kaimas","asmenys","29525"
"2021","Nuolatinių gyventojų skaičius liepos 1 d.","Kaišiadorių r. sav.","Miestas","asmenys","11423"
"2021","Nuolatinių gyventojų skaičius liepos 1 d.","Kaišiadorių r. sav.","Kaimas","asmenys","18102"
"2022","Nuolatinių gyventojų skaičius liepos 1 d.","Kaišiadorių r. sav.","Miestas ir kaimas","asmenys","29235"
"2022","Nuolatinių gyventojų skaičius liepos 1 d.","Kaišiadorių r. sav.","Miestas","asmenys","11487"
"2022","Nuolatinių gyventojų skaičius liepos 1 d.","Kaišiadorių r. sav.","Kaimas","asmenys","17748"
"2020","Nuolatinių gyventojų skaičius liepos 1 d.","Kauno m. sav.","Miestas ir kaimas","asmenys","292613"
"2020","Nuolatinių gyventojų skaičius liepos 1 d.","Kauno m. sav.","Miestas","asmenys","292613"
"2020","Nuolatinių gyventojų skaičius liepos 1 d.","Kauno m. sav.","Kaimas","asmenys",
"2021","Nuolatinių gyventojų skaičius liepos 1 d.","Kauno m. sav.","Miestas ir kaimas","asmenys","298724"
"2021","Nuolatinių gyventojų skaičius liepos 1 d.","Kauno m. sav.","Miestas","asmenys","298724"
"2021","Nuolatinių gyventojų skaičius liepos 1 d.","Kauno m. sav.","Kaimas","asmenys",
"2022","Nuolatinių gyventojų skaičius liepos 1 d.","Kauno m. sav.","Miestas ir kaimas","asmenys","301300"
"2022","Nuolatinių gyventojų skaičius liepos 1 d.","Kauno m. sav.","Miestas","asmenys","301300"
"2022","Nuolatinių gyventojų skaičius liepos 1 d.","Kauno m. sav.","Kaimas","asmenys",
"2020","Nuolatinių gyventojų skaičius liepos 1 d.","Kauno r. sav.","Miestas ir kaimas","asmenys","96036"
"2020","Nuolatinių gyventojų skaičius liepos 1 d.","Kauno r. sav.","Miestas","asmenys","13109"
"2020","Nuolatinių gyventojų skaičius liepos 1 d.","Kauno r. sav.","Kaimas","asmenys","82927"
"2021","Nuolatinių gyventojų skaičius liepos 1 d.","Kauno r. sav.","Miestas ir kaimas","asmenys","93649"
"2021","Nuolatinių gyventojų skaičius liepos 1 d.","Kauno r. sav.","Miestas","asmenys","13666"
"2021","Nuolatinių gyventojų skaičius liepos 1 d.","Kauno r. sav.","Kaimas","asmenys","79983"
"2022","Nuolatinių gyventojų skaičius liepos 1 d.","Kauno r. sav.","Miestas ir kaimas","asmenys","96739"
"2022","Nuolatinių gyventojų skaičius liepos 1 d.","Kauno r. sav.","Miestas","asmenys","13470"
"2022","Nuolatinių gyventojų skaičius liepos 1 d.","Kauno r. sav.","Kaimas","asmenys","83269"
"2020","Nuolatinių gyventojų skaičius liepos 1 d.","Kėdainių r. sav.","Miestas ir kaimas","asmenys","45056"
"2020","Nuolatinių gyventojų skaičius liepos 1 d.","Kėdainių r. sav.","Miestas","asmenys","22551"
"2020","Nuolatinių gyventojų skaičius liepos 1 d.","Kėdainių r. sav.","Kaimas","asmenys","22505"
"2021","Nuolatinių gyventojų skaičius liepos 1 d.","Kėdainių r. sav.","Miestas ir kaimas","asmenys","46160"
"2021","Nuolatinių gyventojų skaičius liepos 1 d.","Kėdainių r. sav.","Miestas","asmenys","23333"
"2021","Nuolatinių gyventojų skaičius liepos 1 d.","Kėdainių r. sav.","Kaimas","asmenys","22827"
"2022","Nuolatinių gyventojų skaičius liepos 1 d.","Kėdainių r. sav.","Miestas ir kaimas","asmenys","45857"
"2022","Nuolatinių gyventojų skaičius liepos 1 d.","Kėdainių r. sav.","Miestas","asmenys","23227"
"2022","Nuolatinių gyventojų skaičius liepos 1 d.","Kėdainių r. sav.","Kaimas","asmenys","22630"
"2020","Nuolatinių gyventojų skaičius liepos 1 d.","Prienų r. sav.","Miestas ir kaimas","asmenys","25594"
"2020","Nuolatinių gyventojų skaičius liepos 1 d.","Prienų r. sav.","Miestas","asmenys","9399"
"2020","Nuolatinių gyventojų skaičius liepos 1 d.","Prienų r. sav.","Kaimas","asmenys","16195"
"2021","Nuolatinių gyventojų skaičius liepos 1 d.","Prienų r. sav.","Miestas ir kaimas","asmenys","25082"
"2021","Nuolatinių gyventojų skaičius liepos 1 d.","Prienų r. sav.","Miestas","asmenys","9751"
"2021","Nuolatinių gyventojų skaičius liepos 1 d.","Prienų r. sav.","Kaimas","asmenys","15331"
"2022","Nuolatinių gyventojų skaičius liepos 1 d.","Prienų r. sav.","Miestas ir kaimas","asmenys","24975"
"2022","Nuolatinių gyventojų skaičius liepos 1 d.","Prienų r. sav.","Miestas","asmenys","9810"
"2022","Nuolatinių gyventojų skaičius liepos 1 d.","Prienų r. sav.","Kaimas","asmenys","15165"
"2020","Nuolatinių gyventojų skaičius liepos 1 d.","Raseinių r. sav.","Miestas ir kaimas","asmenys","30958"
"2020","Nuolatinių gyventojų skaičius liepos 1 d.","Raseinių r. sav.","Miestas","asmenys","12376"
"2020","Nuolatinių gyventojų skaičius liepos 1 d.","Raseinių r. sav.","Kaimas","asmenys","18582"
"2021","Nuolatinių gyventojų skaičius liepos 1 d.","Raseinių r. sav.","Miestas ir kaimas","asmenys","30936"
"2021","Nuolatinių gyventojų skaičius liepos 1 d.","Raseinių r. sav.","Miestas","asmenys","12441"
"2021","Nuolatinių gyventojų skaičius liepos 1 d.","Raseinių r. sav.","Kaimas","asmenys","18495"
"2022","Nuolatinių gyventojų skaičius liepos 1 d.","Raseinių r. sav.","Miestas ir kaimas","asmenys","30361"
"2022","Nuolatinių gyventojų skaičius liepos 1 d.","Raseinių r. sav.","Miestas","asmenys","12361"
"2022","Nuolatinių gyventojų skaičius liepos 1 d.","Raseinių r. sav.","Kaimas","asmenys","18000"
"2020","Nuolatinių gyventojų skaičius liepos 1 d.","Klaipėdos apskritis","Miestas ir kaimas","asmenys","320876"
"2020","Nuolatinių gyventojų skaičius liepos 1 d.","Klaipėdos apskritis","Miestas","asmenys","222820"
"2020","Nuolatinių gyventojų skaičius liepos 1 d.","Klaipėdos apskritis","Kaimas","asmenys","98056"
"2021","Nuolatinių gyventojų skaičius liepos 1 d.","Klaipėdos apskritis","Miestas ir kaimas","asmenys","323314"
"2021","Nuolatinių gyventojų skaičius liepos 1 d.","Klaipėdos apskritis","Miestas","asmenys","228998"
"2021","Nuolatinių gyventojų skaičius liepos 1 d.","Klaipėdos apskritis","Kaimas","asmenys","94316"
"2022","Nuolatinių gyventojų skaičius liepos 1 d.","Klaipėdos apskritis","Miestas ir kaimas","asmenys","329842"
"2022","Nuolatinių gyventojų skaičius liepos 1 d.","Klaipėdos apskritis","Miestas","asmenys","233814"
"2022","Nuolatinių gyventojų skaičius liepos 1 d.","Klaipėdos apskritis","Kaimas","asmenys","96028"
"2020","Nuolatinių gyventojų skaičius liepos 1 d.","Klaipėdos m. sav.","Miestas ir kaimas","asmenys","149433"
"2020","Nuolatinių gyventojų skaičius liepos 1 d.","Klaipėdos m. sav.","Miestas","asmenys","149433"
"2020","Nuolatinių gyventojų skaičius liepos 1 d.","Klaipėdos m. sav.","Kaimas","asmenys",
"2021","Nuolatinių gyventojų skaičius liepos 1 d.","Klaipėdos m. sav.","Miestas ir kaimas","asmenys","152217"
"2021","Nuolatinių gyventojų skaičius liepos 1 d.","Klaipėdos m. sav.","Miestas","asmenys","152217"
"2021","Nuolatinių gyventojų skaičius liepos 1 d.","Klaipėdos m. sav.","Kaimas","asmenys",
"2022","Nuolatinių gyventojų skaičius liepos 1 d.","Klaipėdos m. sav.","Miestas ir kaimas","asmenys","155234"
"2022","Nuolatinių gyventojų skaičius liepos 1 d.","Klaipėdos m. sav.","Miestas","asmenys","155234"
"2022","Nuolatinių gyventojų skaičius liepos 1 d.","Klaipėdos m. sav.","Kaimas","asmenys",
"2020","Nuolatinių gyventojų skaičius liepos 1 d.","Klaipėdos r. sav.","Miestas ir kaimas","asmenys","60945"
"2020","Nuolatinių gyventojų skaičius liepos 1 d.","Klaipėdos r. sav.","Miestas","asmenys","15643"
"2020","Nuolatinių gyventojų skaičius liepos 1 d.","Klaipėdos r. sav.","Kaimas","asmenys","45302"
"2021","Nuolatinių gyventojų skaičius liepos 1 d.","Klaipėdos r. sav.","Miestas ir kaimas","asmenys","58027"
"2021","Nuolatinių gyventojų skaičius liepos 1 d.","Klaipėdos r. sav.","Miestas","asmenys","16351"
"2021","Nuolatinių gyventojų skaičius liepos 1 d.","Klaipėdos r. sav.","Kaimas","asmenys","41676"
"2022","Nuolatinių gyventojų skaičius liepos 1 d.","Klaipėdos r. sav.","Miestas ir kaimas","asmenys","61271"
"2022","Nuolatinių gyventojų skaičius liepos 1 d.","Klaipėdos r. sav.","Miestas","asmenys","16938"
"2022","Nuolatinių gyventojų skaičius liepos 1 d.","Klaipėdos r. sav.","Kaimas","asmenys","44333"
"2020","Nuolatinių gyventojų skaičius liepos 1 d.","Kretingos r. sav.","Miestas ir kaimas","asmenys","37438"
"2020","Nuolatinių gyventojų skaičius liepos 1 d.","Kretingos r. sav.","Miestas","asmenys","17948"
"2020","Nuolatinių gyventojų skaičius liepos 1 d.","Kretingos r. sav.","Kaimas","asmenys","19490"
"2021","Nuolatinių gyventojų skaičius liepos 1 d.","Kretingos r. sav.","Miestas ir kaimas","asmenys","37496"
"2021","Nuolatinių gyventojų skaičius liepos 1 d.","Kretingos r. sav.","Miestas","asmenys","18392"
"2021","Nuolatinių gyventojų skaičius liepos 1 d.","Kretingos r. sav.","Kaimas","asmenys","19104"
"2022","Nuolatinių gyventojų skaičius liepos 1 d.","Kretingos r. sav.","Miestas ir kaimas","asmenys","37547"
"2022","Nuolatinių gyventojų skaičius liepos 1 d.","Kretingos r. sav.","Miestas","asmenys","18482"
"2022","Nuolatinių gyventojų skaičius liepos 1 d.","Kretingos r. sav.","Kaimas","asmenys","19065"
"2020","Nuolatinių gyventojų skaičius liepos 1 d.","Neringos sav.","Miestas ir kaimas","asmenys","3603"
"2020","Nuolatinių gyventojų skaičius liepos 1 d.","Neringos sav.","Miestas","asmenys","3603"
"2020","Nuolatinių gyventojų skaičius liepos 1 d.","Neringos sav.","Kaimas","asmenys",
"2021","Nuolatinių gyventojų skaičius liepos 1 d.","Neringos sav.","Miestas ir kaimas","asmenys","3826"
"2021","Nuolatinių gyventojų skaičius liepos 1 d.","Neringos sav.","Miestas","asmenys","3826"
"2021","Nuolatinių gyventojų skaičius liepos 1 d.","Neringos sav.","Kaimas","asmenys",
"2022","Nuolatinių gyventojų skaičius liepos 1 d.","Neringos sav.","Miestas ir kaimas","asmenys","4033"
"2022","Nuolatinių gyventojų skaičius liepos 1 d.","Neringos sav.","Miestas","asmenys","4033"
"2022","Nuolatinių gyventojų skaičius liepos 1 d.","Neringos sav.","Kaimas","asmenys",
"2020","Nuolatinių gyventojų skaičius liepos 1 d.","Palangos m. sav.","Miestas ir kaimas","asmenys","16159"
"2020","Nuolatinių gyventojų skaičius liepos 1 d.","Palangos m. sav.","Miestas","asmenys","16159"
"2020","Nuolatinių gyventojų skaičius liepos 1 d.","Palangos m. sav.","Kaimas","asmenys",
"2021","Nuolatinių gyventojų skaičius liepos 1 d.","Palangos m. sav.","Miestas ir kaimas","asmenys","16862"
"2021","Nuolatinių gyventojų skaičius liepos 1 d.","Palangos m. sav.","Miestas","asmenys","16862"
"2021","Nuolatinių gyventojų skaičius liepos 1 d.","Palangos m. sav.","Kaimas","asmenys",
"2022","Nuolatinių gyventojų skaičius liepos 1 d.","Palangos m. sav.","Miestas ir kaimas","asmenys","17736"
"2022","Nuolatinių gyventojų skaičius liepos 1 d.","Palangos m. sav.","Miestas","asmenys","17736"
"2022","Nuolatinių gyventojų skaičius liepos 1 d.","Palangos m. sav.","Kaimas","asmenys",
"2020","Nuolatinių gyventojų skaičius liepos 1 d.","Skuodo r. sav.","Miestas ir kaimas","asmenys","15897"
"2020","Nuolatinių gyventojų skaičius liepos 1 d.","Skuodo r. sav.","Miestas","asmenys","5095"
"2020","Nuolatinių gyventojų skaičius liepos 1 d.","Skuodo r. sav.","Kaimas","asmenys","10802"
"2021","Nuolatinių gyventojų skaičius liepos 1 d.","Skuodo r. sav.","Miestas ir kaimas","asmenys","16083"
"2021","Nuolatinių gyventojų skaičius liepos 1 d.","Skuodo r. sav.","Miestas","asmenys","5464"
"2021","Nuolatinių gyventojų skaičius liepos 1 d.","Skuodo r. sav.","Kaimas","asmenys","10619"
"2022","Nuolatinių gyventojų skaičius liepos 1 d.","Skuodo r. sav.","Miestas ir kaimas","asmenys","15613"
"2022","Nuolatinių gyventojų skaičius liepos 1 d.","Skuodo r. sav.","Miestas","asmenys","5389"
"2022","Nuolatinių gyventojų skaičius liepos 1 d.","Skuodo r. sav.","Kaimas","asmenys","10224"
"2020","Nuolatinių gyventojų skaičius liepos 1 d.","Šilutės r. sav.","Miestas ir kaimas","asmenys","37401"
"2020","Nuolatinių gyventojų skaičius liepos 1 d.","Šilutės r. sav.","Miestas","asmenys","14939"
"2020","Nuolatinių gyventojų skaičius liepos 1 d.","Šilutės r. sav.","Kaimas","asmenys","22462"
"2021","Nuolatinių gyventojų skaičius liepos 1 d.","Šilutės r. sav.","Miestas ir kaimas","asmenys","38803"
"2021","Nuolatinių gyventojų skaičius liepos 1 d.","Šilutės r. sav.","Miestas","asmenys","15886"
"2021","Nuolatinių gyventojų skaičius liepos 1 d.","Šilutės r. sav.","Kaimas","asmenys","22917"
"2022","Nuolatinių gyventojų skaičius liepos 1 d.","Šilutės r. sav.","Miestas ir kaimas","asmenys","38408"
"2022","Nuolatinių gyventojų skaičius liepos 1 d.","Šilutės r. sav.","Miestas","asmenys","16002"
"2022","Nuolatinių gyventojų skaičius liepos 1 d.","Šilutės r. sav.","Kaimas","asmenys","22406"
"2020","Nuolatinių gyventojų skaičius liepos 1 d.","Marijampolės apskritis","Miestas ir kaimas","asmenys","135784"
"2020","Nuolatinių gyventojų skaičius liepos 1 d.","Marijampolės apskritis","Miestas","asmenys","66884"
"2020","Nuolatinių gyventojų skaičius liepos 1 d.","Marijampolės apskritis","Kaimas","asmenys","68900"
"2021","Nuolatinių gyventojų skaičius liepos 1 d.","Marijampolės apskritis","Miestas ir kaimas","asmenys","137497"
"2021","Nuolatinių gyventojų skaičius liepos 1 d.","Marijampolės apskritis","Miestas","asmenys","69585"
"2021","Nuolatinių gyventojų skaičius liepos 1 d.","Marijampolės apskritis","Kaimas","asmenys","67912"
"2022","Nuolatinių gyventojų skaičius liepos 1 d.","Marijampolės apskritis","Miestas ir kaimas","asmenys","136014"
"2022","Nuolatinių gyventojų skaičius liepos 1 d.","Marijampolės apskritis","Miestas","asmenys","69465"
"2022","Nuolatinių gyventojų skaičius liepos 1 d.","Marijampolės apskritis","Kaimas","asmenys","66549"
"2020","Nuolatinių gyventojų skaičius liepos 1 d.","Kalvarijos sav.","Miestas ir kaimas","asmenys","10056"
"2020","Nuolatinių gyventojų skaičius liepos 1 d.","Kalvarijos sav.","Miestas","asmenys","3749"
"2020","Nuolatinių gyventojų skaičius liepos 1 d.","Kalvarijos sav.","Kaimas","asmenys","6307"
"2021","Nuolatinių gyventojų skaičius liepos 1 d.","Kalvarijos sav.","Miestas ir kaimas","asmenys","9995"
"2021","Nuolatinių gyventojų skaičius liepos 1 d.","Kalvarijos sav.","Miestas","asmenys","3967"
"2021","Nuolatinių gyventojų skaičius liepos 1 d.","Kalvarijos sav.","Kaimas","asmenys","6028"
"2022","Nuolatinių gyventojų skaičius liepos 1 d.","Kalvarijos sav.","Miestas ir kaimas","asmenys","9954"
"2022","Nuolatinių gyventojų skaičius liepos 1 d.","Kalvarijos sav.","Miestas","asmenys","4039"
"2022","Nuolatinių gyventojų skaičius liepos 1 d.","Kalvarijos sav.","Kaimas","asmenys","5915"
"2020","Nuolatinių gyventojų skaičius liepos 1 d.","Kazlų Rūdos sav.","Miestas ir kaimas","asmenys","11233"
"2020","Nuolatinių gyventojų skaičius liepos 1 d.","Kazlų Rūdos sav.","Miestas","asmenys","5536"
"2020","Nuolatinių gyventojų skaičius liepos 1 d.","Kazlų Rūdos sav.","Kaimas","asmenys","5697"
"2021","Nuolatinių gyventojų skaičius liepos 1 d.","Kazlų Rūdos sav.","Miestas ir kaimas","asmenys","11006"
"2021","Nuolatinių gyventojų skaičius liepos 1 d.","Kazlų Rūdos sav.","Miestas","asmenys","5550"
"2021","Nuolatinių gyventojų skaičius liepos 1 d.","Kazlų Rūdos sav.","Kaimas","asmenys","5456"
"2022","Nuolatinių gyventojų skaičius liepos 1 d.","Kazlų Rūdos sav.","Miestas ir kaimas","asmenys","10909"
"2022","Nuolatinių gyventojų skaičius liepos 1 d.","Kazlų Rūdos sav.","Miestas","asmenys","5498"
"2022","Nuolatinių gyventojų skaičius liepos 1 d.","Kazlų Rūdos sav.","Kaimas","asmenys","5411"
"2020","Nuolatinių gyventojų skaičius liepos 1 d.","Marijampolės sav.","Miestas ir kaimas","asmenys","53651"
"2020","Nuolatinių gyventojų skaičius liepos 1 d.","Marijampolės sav.","Miestas","asmenys","34904"
"2020","Nuolatinių gyventojų skaičius liepos 1 d.","Marijampolės sav.","Kaimas","asmenys","18747"
"2021","Nuolatinių gyventojų skaičius liepos 1 d.","Marijampolės sav.","Miestas ir kaimas","asmenys","54641"
"2021","Nuolatinių gyventojų skaičius liepos 1 d.","Marijampolės sav.","Miestas","asmenys","36515"
"2021","Nuolatinių gyventojų skaičius liepos 1 d.","Marijampolės sav.","Kaimas","asmenys","18126"
"2022","Nuolatinių gyventojų skaičius liepos 1 d.","Marijampolės sav.","Miestas ir kaimas","asmenys","54343"
"2022","Nuolatinių gyventojų skaičius liepos 1 d.","Marijampolės sav.","Miestas","asmenys","36452"
"2022","Nuolatinių gyventojų skaičius liepos 1 d.","Marijampolės sav.","Kaimas","asmenys","17891"
"2020","Nuolatinių gyventojų skaičius liepos 1 d.","Marijampolės r. sav.","Miestas ir kaimas","asmenys",
"2020","Nuolatinių gyventojų skaičius liepos 1 d.","Marijampolės r. sav.","Miestas","asmenys",
"2020","Nuolatinių gyventojų skaičius liepos 1 d.","Marijampolės r. sav.","Kaimas","asmenys",
"2021","Nuolatinių gyventojų skaičius liepos 1 d.","Marijampolės r. sav.","Miestas ir kaimas","asmenys",
"2021","Nuolatinių gyventojų skaičius liepos 1 d.","Marijampolės r. sav.","Miestas","asmenys",
"2021","Nuolatinių gyventojų skaičius liepos 1 d.","Marijampolės r. sav.","Kaimas","asmenys",
"2022","Nuolatinių gyventojų skaičius liepos 1 d.","Marijampolės r. sav.","Miestas ir kaimas","asmenys",
"2022","Nuolatinių gyventojų skaičius liepos 1 d.","Marijampolės r. sav.","Miestas","asmenys",
"2022","Nuolatinių gyventojų skaičius liepos 1 d.","Marijampolės r. sav.","Kaimas","asmenys",
"2020","Nuolatinių gyventojų skaičius liepos 1 d.","Šakių r. sav.","Miestas ir kaimas","asmenys","26399"
"2020","Nuolatinių gyventojų skaičius liepos 1 d.","Šakių r. sav.","Miestas","asmenys","7947"
"2020","Nuolatinių gyventojų skaičius liepos 1 d.","Šakių r. sav.","Kaimas","asmenys","18452"
"2021","Nuolatinių gyventojų skaičius liepos 1 d.","Šakių r. sav.","Miestas ir kaimas","asmenys","26618"
"2021","Nuolatinių gyventojų skaičius liepos 1 d.","Šakių r. sav.","Miestas","asmenys","8314"
"2021","Nuolatinių gyventojų skaičius liepos 1 d.","Šakių r. sav.","Kaimas","asmenys","18304"
"2022","Nuolatinių gyventojų skaičius liepos 1 d.","Šakių r. sav.","Miestas ir kaimas","asmenys","26116"
"2022","Nuolatinių gyventojų skaičius liepos 1 d.","Šakių r. sav.","Miestas","asmenys","8306"
"2022","Nuolatinių gyventojų skaičius liepos 1 d.","Šakių r. sav.","Kaimas","asmenys","17810"
"2020","Nuolatinių gyventojų skaičius liepos 1 d.","Vilkaviškio r. sav.","Miestas ir kaimas","asmenys","34445"
"2020","Nuolatinių gyventojų skaičius liepos 1 d.","Vilkaviškio r. sav.","Miestas","asmenys","14748"
"2020","Nuolatinių gyventojų skaičius liepos 1 d.","Vilkaviškio r. sav.","Kaimas","asmenys","19697"
"2021","Nuolatinių gyventojų skaičius liepos 1 d.","Vilkaviškio r. sav.","Miestas ir kaimas","asmenys","35237"
"2021","Nuolatinių gyventojų skaičius liepos 1 d.","Vilkaviškio r. sav.","Miestas","asmenys","15239"
"2021","Nuolatinių gyventojų skaičius liepos 1 d.","Vilkaviškio r. sav.","Kaimas","asmenys","19998"
"2022","Nuolatinių gyventojų skaičius liepos 1 d.","Vilkaviškio r. sav.","Miestas ir kaimas","asmenys","34692"
"2022","Nuolatinių gyventojų skaičius liepos 1 d.","Vilkaviškio r. sav.","Miestas","asmenys","15170"
"2022","Nuolatinių gyventojų skaičius liepos 1 d.","Vilkaviškio r. sav.","Kaimas","asmenys","19522"
"2020","Nuolatinių gyventojų skaičius liepos 1 d.","Panevėžio apskritis","Miestas ir kaimas","asmenys","209742"
"2020","Nuolatinių gyventojų skaičius liepos 1 d.","Panevėžio apskritis","Miestas","asmenys","124851"
"2020","Nuolatinių gyventojų skaičius liepos 1 d.","Panevėžio apskritis","Kaimas","asmenys","84891"
"2021","Nuolatinių gyventojų skaičius liepos 1 d.","Panevėžio apskritis","Miestas ir kaimas","asmenys","214543"
"2021","Nuolatinių gyventojų skaičius liepos 1 d.","Panevėžio apskritis","Miestas","asmenys","128801"
"2021","Nuolatinių gyventojų skaičius liepos 1 d.","Panevėžio apskritis","Kaimas","asmenys","85742"
"2022","Nuolatinių gyventojų skaičius liepos 1 d.","Panevėžio apskritis","Miestas ir kaimas","asmenys","212031"
"2022","Nuolatinių gyventojų skaičius liepos 1 d.","Panevėžio apskritis","Miestas","asmenys","127778"
"2022","Nuolatinių gyventojų skaičius liepos 1 d.","Panevėžio apskritis","Kaimas","asmenys","84253"
"2020","Nuolatinių gyventojų skaičius liepos 1 d.","Biržų r. sav.","Miestas ir kaimas","asmenys","22522"
"2020","Nuolatinių gyventojų skaičius liepos 1 d.","Biržų r. sav.","Miestas","asmenys","10898"
"2020","Nuolatinių gyventojų skaičius liepos 1 d.","Biržų r. sav.","Kaimas","asmenys","11624"
"2021","Nuolatinių gyventojų skaičius liepos 1 d.","Biržų r. sav.","Miestas ir kaimas","asmenys","23041"
"2021","Nuolatinių gyventojų skaičius liepos 1 d.","Biržų r. sav.","Miestas","asmenys","11483"
"2021","Nuolatinių gyventojų skaičius liepos 1 d.","Biržų r. sav.","Kaimas","asmenys","11558"
"2022","Nuolatinių gyventojų skaičius liepos 1 d.","Biržų r. sav.","Miestas ir kaimas","asmenys","22546"
"2022","Nuolatinių gyventojų skaičius liepos 1 d.","Biržų r. sav.","Miestas","asmenys","11221"
"2022","Nuolatinių gyventojų skaičius liepos 1 d.","Biržų r. sav.","Kaimas","asmenys","11325"
"2020","Nuolatinių gyventojų skaičius liepos 1 d.","Kupiškio r. sav.","Miestas ir kaimas","asmenys","16239"
"2020","Nuolatinių gyventojų skaičius liepos 1 d.","Kupiškio r. sav.","Miestas","asmenys","6733"
"2020","Nuolatinių gyventojų skaičius liepos 1 d.","Kupiškio r. sav.","Kaimas","asmenys","9506"
"2021","Nuolatinių gyventojų skaičius liepos 1 d.","Kupiškio r. sav.","Miestas ir kaimas","asmenys","16422"
"2021","Nuolatinių gyventojų skaičius liepos 1 d.","Kupiškio r. sav.","Miestas","asmenys","7045"
"2021","Nuolatinių gyventojų skaičius liepos 1 d.","Kupiškio r. sav.","Kaimas","asmenys","9377"
"2022","Nuolatinių gyventojų skaičius liepos 1 d.","Kupiškio r. sav.","Miestas ir kaimas","asmenys","16049"
"2022","Nuolatinių gyventojų skaičius liepos 1 d.","Kupiškio r. sav.","Miestas","asmenys","6993"
"2022","Nuolatinių gyventojų skaičius liepos 1 d.","Kupiškio r. sav.","Kaimas","asmenys","9056"
"2020","Nuolatinių gyventojų skaičius liepos 1 d.","Panevėžio m. sav.","Miestas ir kaimas","asmenys","85331"
"2020","Nuolatinių gyventojų skaičius liepos 1 d.","Panevėžio m. sav.","Miestas","asmenys","85331"
"2020","Nuolatinių gyventojų skaičius liepos 1 d.","Panevėžio m. sav.","Kaimas","asmenys",
"2021","Nuolatinių gyventojų skaičius liepos 1 d.","Panevėžio m. sav.","Miestas ir kaimas","asmenys","88380"
"2021","Nuolatinių gyventojų skaičius liepos 1 d.","Panevėžio m. sav.","Miestas","asmenys","88380"
"2021","Nuolatinių gyventojų skaičius liepos 1 d.","Panevėžio m. sav.","Kaimas","asmenys",
"2022","Nuolatinių gyventojų skaičius liepos 1 d.","Panevėžio m. sav.","Miestas ir kaimas","asmenys","87835"
"2022","Nuolatinių gyventojų skaičius liepos 1 d.","Panevėžio m. sav.","Miestas","asmenys","87835"
"2022","Nuolatinių gyventojų skaičius liepos 1 d.","Panevėžio m. sav.","Kaimas","asmenys",
"2020","Nuolatinių gyventojų skaičius liepos 1 d.","Panevėžio r. sav.","Miestas ir kaimas","asmenys","35209"
"2020","Nuolatinių gyventojų skaičius liepos 1 d.","Panevėžio r. sav.","Miestas","asmenys","1339"
"2020","Nuolatinių gyventojų skaičius liepos 1 d.","Panevėžio r. sav.","Kaimas","asmenys","33870"
"2021","Nuolatinių gyventojų skaičius liepos 1 d.","Panevėžio r. sav.","Miestas ir kaimas","asmenys","35323"
"2021","Nuolatinių gyventojų skaičius liepos 1 d.","Panevėžio r. sav.","Miestas","asmenys","1217"
"2021","Nuolatinių gyventojų skaičius liepos 1 d.","Panevėžio r. sav.","Kaimas","asmenys","34106"
"2022","Nuolatinių gyventojų skaičius liepos 1 d.","Panevėžio r. sav.","Miestas ir kaimas","asmenys","35105"
"2022","Nuolatinių gyventojų skaičius liepos 1 d.","Panevėžio r. sav.","Miestas","asmenys","1218"
"2022","Nuolatinių gyventojų skaičius liepos 1 d.","Panevėžio r. sav.","Kaimas","asmenys","33887"
"2020","Nuolatinių gyventojų skaičius liepos 1 d.","Pasvalio r. sav.","Miestas ir kaimas","asmenys","22610"
"2020","Nuolatinių gyventojų skaičius liepos 1 d.","Pasvalio r. sav.","Miestas","asmenys","7354"
"2020","Nuolatinių gyventojų skaičius liepos 1 d.","Pasvalio r. sav.","Kaimas","asmenys","15256"
"2021","Nuolatinių gyventojų skaičius liepos 1 d.","Pasvalio r. sav.","Miestas ir kaimas","asmenys","22948"
"2021","Nuolatinių gyventojų skaičius liepos 1 d.","Pasvalio r. sav.","Miestas","asmenys","7453"
"2021","Nuolatinių gyventojų skaičius liepos 1 d.","Pasvalio r. sav.","Kaimas","asmenys","15495"
"2022","Nuolatinių gyventojų skaičius liepos 1 d.","Pasvalio r. sav.","Miestas ir kaimas","asmenys","22461"
"2022","Nuolatinių gyventojų skaičius liepos 1 d.","Pasvalio r. sav.","Miestas","asmenys","7395"
"2022","Nuolatinių gyventojų skaičius liepos 1 d.","Pasvalio r. sav.","Kaimas","asmenys","15066"
"2020","Nuolatinių gyventojų skaičius liepos 1 d.","Rokiškio r. sav.","Miestas ir kaimas","asmenys","27831"
"2020","Nuolatinių gyventojų skaičius liepos 1 d.","Rokiškio r. sav.","Miestas","asmenys","13196"
"2020","Nuolatinių gyventojų skaičius liepos 1 d.","Rokiškio r. sav.","Kaimas","asmenys","14635"
"2021","Nuolatinių gyventojų skaičius liepos 1 d.","Rokiškio r. sav.","Miestas ir kaimas","asmenys","28429"
"2021","Nuolatinių gyventojų skaičius liepos 1 d.","Rokiškio r. sav.","Miestas","asmenys","13223"
"2021","Nuolatinių gyventojų skaičius liepos 1 d.","Rokiškio r. sav.","Kaimas","asmenys","15206"
"2022","Nuolatinių gyventojų skaičius liepos 1 d.","Rokiškio r. sav.","Miestas ir kaimas","asmenys","28035"
"2022","Nuolatinių gyventojų skaičius liepos 1 d.","Rokiškio r. sav.","Miestas","asmenys","13116"
"2022","Nuolatinių gyventojų skaičius liepos 1 d.","Rokiškio r. sav.","Kaimas","asmenys","14919"
"2020","Nuolatinių gyventojų skaičius liepos 1 d.","Šiaulių apskritis","Miestas ir kaimas","asmenys","261033"
"2020","Nuolatinių gyventojų skaičius liepos 1 d.","Šiaulių apskritis","Miestas","asmenys","167102"
"2020","Nuolatinių gyventojų skaičius liepos 1 d.","Šiaulių apskritis","Kaimas","asmenys","93931"
"2021","Nuolatinių gyventojų skaičius liepos 1 d.","Šiaulių apskritis","Miestas ir kaimas","asmenys","261881"
"2021","Nuolatinių gyventojų skaičius liepos 1 d.","Šiaulių apskritis","Miestas","asmenys","167808"
"2021","Nuolatinių gyventojų skaičius liepos 1 d.","Šiaulių apskritis","Kaimas","asmenys","94073"
"2022","Nuolatinių gyventojų skaičius liepos 1 d.","Šiaulių apskritis","Miestas ir kaimas","asmenys","261459"
"2022","Nuolatinių gyventojų skaičius liepos 1 d.","Šiaulių apskritis","Miestas","asmenys","169526"
"2022","Nuolatinių gyventojų skaičius liepos 1 d.","Šiaulių apskritis","Kaimas","asmenys","91933"
"2020","Nuolatinių gyventojų skaičius liepos 1 d.","Akmenės r. sav.","Miestas ir kaimas","asmenys","18672"
"2020","Nuolatinių gyventojų skaičius liepos 1 d.","Akmenės r. sav.","Miestas","asmenys","11648"
"2020","Nuolatinių gyventojų skaičius liepos 1 d.","Akmenės r. sav.","Kaimas","asmenys","7024"
"2021","Nuolatinių gyventojų skaičius liepos 1 d.","Akmenės r. sav.","Miestas ir kaimas","asmenys","19477"
"2021","Nuolatinių gyventojų skaičius liepos 1 d.","Akmenės r. sav.","Miestas","asmenys","12515"
"2021","Nuolatinių gyventojų skaičius liepos 1 d.","Akmenės r. sav.","Kaimas","asmenys","6962"
"2022","Nuolatinių gyventojų skaičius liepos 1 d.","Akmenės r. sav.","Miestas ir kaimas","asmenys","19266"
"2022","Nuolatinių gyventojų skaičius liepos 1 d.","Akmenės r. sav.","Miestas","asmenys","12503"
"2022","Nuolatinių gyventojų skaičius liepos 1 d.","Akmenės r. sav.","Kaimas","asmenys","6763"
"2020","Nuolatinių gyventojų skaičius liepos 1 d.","Joniškio r. sav.","Miestas ir kaimas","asmenys","20543"
"2020","Nuolatinių gyventojų skaičius liepos 1 d.","Joniškio r. sav.","Miestas","asmenys","9476"
"2020","Nuolatinių gyventojų skaičius liepos 1 d.","Joniškio r. sav.","Kaimas","asmenys","11067"
"2021","Nuolatinių gyventojų skaičius liepos 1 d.","Joniškio r. sav.","Miestas ir kaimas","asmenys","21151"
"2021","Nuolatinių gyventojų skaičius liepos 1 d.","Joniškio r. sav.","Miestas","asmenys","9848"
"2021","Nuolatinių gyventojų skaičius liepos 1 d.","Joniškio r. sav.","Kaimas","asmenys","11303"
"2022","Nuolatinių gyventojų skaičius liepos 1 d.","Joniškio r. sav.","Miestas ir kaimas","asmenys","20613"
"2022","Nuolatinių gyventojų skaičius liepos 1 d.","Joniškio r. sav.","Miestas","asmenys","9714"
"2022","Nuolatinių gyventojų skaičius liepos 1 d.","Joniškio r. sav.","Kaimas","asmenys","10899"
"2020","Nuolatinių gyventojų skaičius liepos 1 d.","Kelmės r. sav.","Miestas ir kaimas","asmenys","25156"
"2020","Nuolatinių gyventojų skaičius liepos 1 d.","Kelmės r. sav.","Miestas","asmenys","9901"
"2020","Nuolatinių gyventojų skaičius liepos 1 d.","Kelmės r. sav.","Kaimas","asmenys","15255"
"2021","Nuolatinių gyventojų skaičius liepos 1 d.","Kelmės r. sav.","Miestas ir kaimas","asmenys","25747"
"2021","Nuolatinių gyventojų skaičius liepos 1 d.","Kelmės r. sav.","Miestas","asmenys","10047"
"2021","Nuolatinių gyventojų skaičius liepos 1 d.","Kelmės r. sav.","Kaimas","asmenys","15700"
"2022","Nuolatinių gyventojų skaičius liepos 1 d.","Kelmės r. sav.","Miestas ir kaimas","asmenys","25136"
"2022","Nuolatinių gyventojų skaičius liepos 1 d.","Kelmės r. sav.","Miestas","asmenys","9957"
"2022","Nuolatinių gyventojų skaičius liepos 1 d.","Kelmės r. sav.","Kaimas","asmenys","15179"
"2020","Nuolatinių gyventojų skaičius liepos 1 d.","Pakruojo r. sav.","Miestas ir kaimas","asmenys","18383"
"2020","Nuolatinių gyventojų skaičius liepos 1 d.","Pakruojo r. sav.","Miestas","asmenys","5561"
"2020","Nuolatinių gyventojų skaičius liepos 1 d.","Pakruojo r. sav.","Kaimas","asmenys","12822"
"2021","Nuolatinių gyventojų skaičius liepos 1 d.","Pakruojo r. sav.","Miestas ir kaimas","asmenys","18679"
"2021","Nuolatinių gyventojų skaičius liepos 1 d.","Pakruojo r. sav.","Miestas","asmenys","5861"
"2021","Nuolatinių gyventojų skaičius liepos 1 d.","Pakruojo r. sav.","Kaimas","asmenys","12818"
"2022","Nuolatinių gyventojų skaičius liepos 1 d.","Pakruojo r. sav.","Miestas ir kaimas","asmenys","18218"
"2022","Nuolatinių gyventojų skaičius liepos 1 d.","Pakruojo r. sav.","Miestas","asmenys","5745"
"2022","Nuolatinių gyventojų skaičius liepos 1 d.","Pakruojo r. sav.","Kaimas","asmenys","12473"
"2020","Nuolatinių gyventojų skaičius liepos 1 d.","Radviliškio r. sav.","Miestas ir kaimas","asmenys","34845"
"2020","Nuolatinių gyventojų skaičius liepos 1 d.","Radviliškio r. sav.","Miestas","asmenys","17717"
"2020","Nuolatinių gyventojų skaičius liepos 1 d.","Radviliškio r. sav.","Kaimas","asmenys","17128"
"2021","Nuolatinių gyventojų skaičius liepos 1 d.","Radviliškio r. sav.","Miestas ir kaimas","asmenys","34770"
"2021","Nuolatinių gyventojų skaičius liepos 1 d.","Radviliškio r. sav.","Miestas","asmenys","17522"
"2021","Nuolatinių gyventojų skaičius liepos 1 d.","Radviliškio r. sav.","Kaimas","asmenys","17248"
"2022","Nuolatinių gyventojų skaičius liepos 1 d.","Radviliškio r. sav.","Miestas ir kaimas","asmenys","34391"
"2022","Nuolatinių gyventojų skaičius liepos 1 d.","Radviliškio r. sav.","Miestas","asmenys","17546"
"2022","Nuolatinių gyventojų skaičius liepos 1 d.","Radviliškio r. sav.","Kaimas","asmenys","16845"
"2020","Nuolatinių gyventojų skaičius liepos 1 d.","Šiaulių m. sav.","Miestas ir kaimas","asmenys","102031"
"2020","Nuolatinių gyventojų skaičius liepos 1 d.","Šiaulių m. sav.","Miestas","asmenys","102031"
"2020","Nuolatinių gyventojų skaičius liepos 1 d.","Šiaulių m. sav.","Kaimas","asmenys",
"2021","Nuolatinių gyventojų skaičius liepos 1 d.","Šiaulių m. sav.","Miestas ir kaimas","asmenys","101151"
"2021","Nuolatinių gyventojų skaičius liepos 1 d.","Šiaulių m. sav.","Miestas","asmenys","101151"
"2021","Nuolatinių gyventojų skaičius liepos 1 d.","Šiaulių m. sav.","Kaimas","asmenys",
"2022","Nuolatinių gyventojų skaičius liepos 1 d.","Šiaulių m. sav.","Miestas ir kaimas","asmenys","103386"
"2022","Nuolatinių gyventojų skaičius liepos 1 d.","Šiaulių m. sav.","Miestas","asmenys","103386"
"2022","Nuolatinių gyventojų skaičius liepos 1 d.","Šiaulių m. sav.","Kaimas","asmenys",
"2020","Nuolatinių gyventojų skaičius liepos 1 d.","Šiaulių r. sav.","Miestas ir kaimas","asmenys","41403"
"2020","Nuolatinių gyventojų skaičius liepos 1 d.","Šiaulių r. sav.","Miestas","asmenys","10768"
"2020","Nuolatinių gyventojų skaičius liepos 1 d.","Šiaulių r. sav.","Kaimas","asmenys","30635"
"2021","Nuolatinių gyventojų skaičius liepos 1 d.","Šiaulių r. sav.","Miestas ir kaimas","asmenys","40906"
"2021","Nuolatinių gyventojų skaičius liepos 1 d.","Šiaulių r. sav.","Miestas","asmenys","10864"
"2021","Nuolatinių gyventojų skaičius liepos 1 d.","Šiaulių r. sav.","Kaimas","asmenys","30042"
"2022","Nuolatinių gyventojų skaičius liepos 1 d.","Šiaulių r. sav.","Miestas ir kaimas","asmenys","40449"
"2022","Nuolatinių gyventojų skaičius liepos 1 d.","Šiaulių r. sav.","Miestas","asmenys","10675"
"2022","Nuolatinių gyventojų skaičius liepos 1 d.","Šiaulių r. sav.","Kaimas","asmenys","29774"
"2020","Nuolatinių gyventojų skaičius liepos 1 d.","Tauragės apskritis","Miestas ir kaimas","asmenys","91067"
"2020","Nuolatinių gyventojų skaičius liepos 1 d.","Tauragės apskritis","Miestas","asmenys","39302"
"2020","Nuolatinių gyventojų skaičius liepos 1 d.","Tauragės apskritis","Kaimas","asmenys","51765"
"2021","Nuolatinių gyventojų skaičius liepos 1 d.","Tauragės apskritis","Miestas ir kaimas","asmenys","91928"
"2021","Nuolatinių gyventojų skaičius liepos 1 d.","Tauragės apskritis","Miestas","asmenys","39999"
"2021","Nuolatinių gyventojų skaičius liepos 1 d.","Tauragės apskritis","Kaimas","asmenys","51929"
"2022","Nuolatinių gyventojų skaičius liepos 1 d.","Tauragės apskritis","Miestas ir kaimas","asmenys","90955"
"2022","Nuolatinių gyventojų skaičius liepos 1 d.","Tauragės apskritis","Miestas","asmenys","40454"
"2022","Nuolatinių gyventojų skaičius liepos 1 d.","Tauragės apskritis","Kaimas","asmenys","50501"
"2020","Nuolatinių gyventojų skaičius liepos 1 d.","Jurbarko r. sav.","Miestas ir kaimas","asmenys","24506"
"2020","Nuolatinių gyventojų skaičius liepos 1 d.","Jurbarko r. sav.","Miestas","asmenys","10073"
"2020","Nuolatinių gyventojų skaičius liepos 1 d.","Jurbarko r. sav.","Kaimas","asmenys","14433"
"2021","Nuolatinių gyventojų skaičius liepos 1 d.","Jurbarko r. sav.","Miestas ir kaimas","asmenys","24941"
"2021","Nuolatinių gyventojų skaičius liepos 1 d.","Jurbarko r. sav.","Miestas","asmenys","10939"
"2021","Nuolatinių gyventojų skaičius liepos 1 d.","Jurbarko r. sav.","Kaimas","asmenys","14002"
"2022","Nuolatinių gyventojų skaičius liepos 1 d.","Jurbarko r. sav.","Miestas ir kaimas","asmenys","24810"
"2022","Nuolatinių gyventojų skaičius liepos 1 d.","Jurbarko r. sav.","Miestas","asmenys","11236"
"2022","Nuolatinių gyventojų skaičius liepos 1 d.","Jurbarko r. sav.","Kaimas","asmenys","13574"
"2020","Nuolatinių gyventojų skaičius liepos 1 d.","Pagėgių sav.","Miestas ir kaimas","asmenys","7247"
"2020","Nuolatinių gyventojų skaičius liepos 1 d.","Pagėgių sav.","Miestas","asmenys","1737"
"2020","Nuolatinių gyventojų skaičius liepos 1 d.","Pagėgių sav.","Kaimas","asmenys","5510"
"2021","Nuolatinių gyventojų skaičius liepos 1 d.","Pagėgių sav.","Miestas ir kaimas","asmenys","7331"
"2021","Nuolatinių gyventojų skaičius liepos 1 d.","Pagėgių sav.","Miestas","asmenys","1756"
"2021","Nuolatinių gyventojų skaičius liepos 1 d.","Pagėgių sav.","Kaimas","asmenys","5575"
"2022","Nuolatinių gyventojų skaičius liepos 1 d.","Pagėgių sav.","Miestas ir kaimas","asmenys","7173"
"2022","Nuolatinių gyventojų skaičius liepos 1 d.","Pagėgių sav.","Miestas","asmenys","1746"
"2022","Nuolatinių gyventojų skaičius liepos 1 d.","Pagėgių sav.","Kaimas","asmenys","5427"
"2020","Nuolatinių gyventojų skaičius liepos 1 d.","Šilalės r. sav.","Miestas ir kaimas","asmenys","21699"
"2020","Nuolatinių gyventojų skaičius liepos 1 d.","Šilalės r. sav.","Miestas","asmenys","4636"
"2020","Nuolatinių gyventojų skaičius liepos 1 d.","Šilalės r. sav.","Kaimas","asmenys","17063"
"2021","Nuolatinių gyventojų skaičius liepos 1 d.","Šilalės r. sav.","Miestas ir kaimas","asmenys","21857"
"2021","Nuolatinių gyventojų skaičius liepos 1 d.","Šilalės r. sav.","Miestas","asmenys","4730"
"2021","Nuolatinių gyventojų skaičius liepos 1 d.","Šilalės r. sav.","Kaimas","asmenys","17127"
"2022","Nuolatinių gyventojų skaičius liepos 1 d.","Šilalės r. sav.","Miestas ir kaimas","asmenys","21373"
"2022","Nuolatinių gyventojų skaičius liepos 1 d.","Šilalės r. sav.","Miestas","asmenys","4725"
"2022","Nuolatinių gyventojų skaičius liepos 1 d.","Šilalės r. sav.","Kaimas","asmenys","16648"
"2020","Nuolatinių gyventojų skaičius liepos 1 d.","Tauragės r. sav.","Miestas ir kaimas","asmenys","37615"
"2020","Nuolatinių gyventojų skaičius liepos 1 d.","Tauragės r. sav.","Miestas","asmenys","22856"
"2020","Nuolatinių gyventojų skaičius liepos 1 d.","Tauragės r. sav.","Kaimas","asmenys","14759"
"2021","Nuolatinių gyventojų skaičius liepos 1 d.","Tauragės r. sav.","Miestas ir kaimas","asmenys","37799"
"2021","Nuolatinių gyventojų skaičius liepos 1 d.","Tauragės r. sav.","Miestas","asmenys","22574"
"2021","Nuolatinių gyventojų skaičius liepos 1 d.","Tauragės r. sav.","Kaimas","asmenys","15225"
"2022","Nuolatinių gyventojų skaičius liepos 1 d.","Tauragės r. sav.","Miestas ir kaimas","asmenys","37599"
"2022","Nuolatinių gyventojų skaičius liepos 1 d.","Tauragės r. sav.","Miestas","asmenys","22747"
"2022","Nuolatinių gyventojų skaičius liepos 1 d.","Tauragės r. sav.","Kaimas","asmenys","14852"
"2020","Nuolatinių gyventojų skaičius liepos 1 d.","Telšių apskritis","Miestas ir kaimas","asmenys","130166"
"2020","Nuolatinių gyventojų skaičius liepos 1 d.","Telšių apskritis","Miestas","asmenys","77376"
"2020","Nuolatinių gyventojų skaičius liepos 1 d.","Telšių apskritis","Kaimas","asmenys","52790"
"2021","Nuolatinių gyventojų skaičius liepos 1 d.","Telšių apskritis","Miestas ir kaimas","asmenys","132649"
"2021","Nuolatinių gyventojų skaičius liepos 1 d.","Telšių apskritis","Miestas","asmenys","80000"
"2021","Nuolatinių gyventojų skaičius liepos 1 d.","Telšių apskritis","Kaimas","asmenys","52649"
"2022","Nuolatinių gyventojų skaičius liepos 1 d.","Telšių apskritis","Miestas ir kaimas","asmenys","131386"
"2022","Nuolatinių gyventojų skaičius liepos 1 d.","Telšių apskritis","Miestas","asmenys","79624"
"2022","Nuolatinių gyventojų skaičius liepos 1 d.","Telšių apskritis","Kaimas","asmenys","51762"
"2020","Nuolatinių gyventojų skaičius liepos 1 d.","Mažeikių r. sav.","Miestas ir kaimas","asmenys","50963"
"2020","Nuolatinių gyventojų skaičius liepos 1 d.","Mažeikių r. sav.","Miestas","asmenys","35369"
"2020","Nuolatinių gyventojų skaičius liepos 1 d.","Mažeikių r. sav.","Kaimas","asmenys","15594"
"2021","Nuolatinių gyventojų skaičius liepos 1 d.","Mažeikių r. sav.","Miestas ir kaimas","asmenys","51860"
"2021","Nuolatinių gyventojų skaičius liepos 1 d.","Mažeikių r. sav.","Miestas","asmenys","36042"
"2021","Nuolatinių gyventojų skaičius liepos 1 d.","Mažeikių r. sav.","Kaimas","asmenys","15818"
"2022","Nuolatinių gyventojų skaičius liepos 1 d.","Mažeikių r. sav.","Miestas ir kaimas","asmenys","51591"
"2022","Nuolatinių gyventojų skaičius liepos 1 d.","Mažeikių r. sav.","Miestas","asmenys","35969"
"2022","Nuolatinių gyventojų skaičius liepos 1 d.","Mažeikių r. sav.","Kaimas","asmenys","15622"
"2020","Nuolatinių gyventojų skaičius liepos 1 d.","Plungės r. sav.","Miestas ir kaimas","asmenys","32864"
"2020","Nuolatinių gyventojų skaičius liepos 1 d.","Plungės r. sav.","Miestas","asmenys","16691"
"2020","Nuolatinių gyventojų skaičius liepos 1 d.","Plungės r. sav.","Kaimas","asmenys","16173"
"2021","Nuolatinių gyventojų skaičius liepos 1 d.","Plungės r. sav.","Miestas ir kaimas","asmenys","33532"
"2021","Nuolatinių gyventojų skaičius liepos 1 d.","Plungės r. sav.","Miestas","asmenys","17397"
"2021","Nuolatinių gyventojų skaičius liepos 1 d.","Plungės r. sav.","Kaimas","asmenys","16135"
"2022","Nuolatinių gyventojų skaičius liepos 1 d.","Plungės r. sav.","Miestas ir kaimas","asmenys","33233"
"2022","Nuolatinių gyventojų skaičius liepos 1 d.","Plungės r. sav.","Miestas","asmenys","17375"
"2022","Nuolatinių gyventojų skaičius liepos 1 d.","Plungės r. sav.","Kaimas","asmenys","15858"
"2020","Nuolatinių gyventojų skaičius liepos 1 d.","Rietavo sav.","Miestas ir kaimas","asmenys","7209"
"2020","Nuolatinių gyventojų skaičius liepos 1 d.","Rietavo sav.","Miestas","asmenys","3135"
"2020","Nuolatinių gyventojų skaičius liepos 1 d.","Rietavo sav.","Kaimas","asmenys","4074"
"2021","Nuolatinių gyventojų skaičius liepos 1 d.","Rietavo sav.","Miestas ir kaimas","asmenys","7339"
"2021","Nuolatinių gyventojų skaičius liepos 1 d.","Rietavo sav.","Miestas","asmenys","3205"
"2021","Nuolatinių gyventojų skaičius liepos 1 d.","Rietavo sav.","Kaimas","asmenys","4134"
"2022","Nuolatinių gyventojų skaičius liepos 1 d.","Rietavo sav.","Miestas ir kaimas","asmenys","7276"
"2022","Nuolatinių gyventojų skaičius liepos 1 d.","Rietavo sav.","Miestas","asmenys","3229"
"2022","Nuolatinių gyventojų skaičius liepos 1 d.","Rietavo sav.","Kaimas","asmenys","4047"
"2020","Nuolatinių gyventojų skaičius liepos 1 d.","Telšių r. sav.","Miestas ir kaimas","asmenys","39130"
"2020","Nuolatinių gyventojų skaičius liepos 1 d.","Telšių r. sav.","Miestas","asmenys","22181"
"2020","Nuolatinių gyventojų skaičius liepos 1 d.","Telšių r. sav.","Kaimas","asmenys","16949"
"2021","Nuolatinių gyventojų skaičius liepos 1 d.","Telšių r. sav.","Miestas ir kaimas","asmenys","39918"
"2021","Nuolatinių gyventojų skaičius liepos 1 d.","Telšių r. sav.","Miestas","asmenys","23356"
"2021","Nuolatinių gyventojų skaičius liepos 1 d.","Telšių r. sav.","Kaimas","asmenys","16562"
"2022","Nuolatinių gyventojų skaičius liepos 1 d.","Telšių r. sav.","Miestas ir kaimas","asmenys","39286"
"2022","Nuolatinių gyventojų skaičius liepos 1 d.","Telšių r. sav.","Miestas","asmenys","23051"
"2022","Nuolatinių gyventojų skaičius liepos 1 d.","Telšių r. sav.","Kaimas","asmenys","16235"
"2020","Nuolatinių gyventojų skaičius liepos 1 d.","Utenos apskritis","Miestas ir kaimas","asmenys","124214"
"2020","Nuolatinių gyventojų skaičius liepos 1 d.","Utenos apskritis","Miestas","asmenys","70200"
"2020","Nuolatinių gyventojų skaičius liepos 1 d.","Utenos apskritis","Kaimas","asmenys","54014"
"2021","Nuolatinių gyventojų skaičius liepos 1 d.","Utenos apskritis","Miestas ir kaimas","asmenys","126683"
"2021","Nuolatinių gyventojų skaičius liepos 1 d.","Utenos apskritis","Miestas","asmenys","72177"
"2021","Nuolatinių gyventojų skaičius liepos 1 d.","Utenos apskritis","Kaimas","asmenys","54506"
"2022","Nuolatinių gyventojų skaičius liepos 1 d.","Utenos apskritis","Miestas ir kaimas","asmenys","125639"
"2022","Nuolatinių gyventojų skaičius liepos 1 d.","Utenos apskritis","Miestas","asmenys","72359"
"2022","Nuolatinių gyventojų skaičius liepos 1 d.","Utenos apskritis","Kaimas","asmenys","53280"
"2020","Nuolatinių gyventojų skaičius liepos 1 d.","Anykščių r. sav.","Miestas ir kaimas","asmenys","22857"
"2020","Nuolatinių gyventojų skaičius liepos 1 d.","Anykščių r. sav.","Miestas","asmenys","9326"
"2020","Nuolatinių gyventojų skaičius liepos 1 d.","Anykščių r. sav.","Kaimas","asmenys","13531"
"2021","Nuolatinių gyventojų skaičius liepos 1 d.","Anykščių r. sav.","Miestas ir kaimas","asmenys","23019"
"2021","Nuolatinių gyventojų skaičius liepos 1 d.","Anykščių r. sav.","Miestas","asmenys","9472"
"2021","Nuolatinių gyventojų skaičius liepos 1 d.","Anykščių r. sav.","Kaimas","asmenys","13547"
"2022","Nuolatinių gyventojų skaičius liepos 1 d.","Anykščių r. sav.","Miestas ir kaimas","asmenys","22697"
"2022","Nuolatinių gyventojų skaičius liepos 1 d.","Anykščių r. sav.","Miestas","asmenys","9468"
"2022","Nuolatinių gyventojų skaičius liepos 1 d.","Anykščių r. sav.","Kaimas","asmenys","13229"
"2020","Nuolatinių gyventojų skaičius liepos 1 d.","Ignalinos r. sav.","Miestas ir kaimas","asmenys","14248"
"2020","Nuolatinių gyventojų skaičius liepos 1 d.","Ignalinos r. sav.","Miestas","asmenys","5523"
"2020","Nuolatinių gyventojų skaičius liepos 1 d.","Ignalinos r. sav.","Kaimas","asmenys","8725"
"2021","Nuolatinių gyventojų skaičius liepos 1 d.","Ignalinos r. sav.","Miestas ir kaimas","asmenys","14627"
"2021","Nuolatinių gyventojų skaičius liepos 1 d.","Ignalinos r. sav.","Miestas","asmenys","5775"
"2021","Nuolatinių gyventojų skaičius liepos 1 d.","Ignalinos r. sav.","Kaimas","asmenys","8852"
"2022","Nuolatinių gyventojų skaičius liepos 1 d.","Ignalinos r. sav.","Miestas ir kaimas","asmenys","14263"
"2022","Nuolatinių gyventojų skaičius liepos 1 d.","Ignalinos r. sav.","Miestas","asmenys","5717"
"2022","Nuolatinių gyventojų skaičius liepos 1 d.","Ignalinos r. sav.","Kaimas","asmenys","8546"
"2020","Nuolatinių gyventojų skaičius liepos 1 d.","Molėtų r. sav.","Miestas ir kaimas","asmenys","16974"
"2020","Nuolatinių gyventojų skaičius liepos 1 d.","Molėtų r. sav.","Miestas","asmenys","5455"
"2020","Nuolatinių gyventojų skaičius liepos 1 d.","Molėtų r. sav.","Kaimas","asmenys","11519"
"2021","Nuolatinių gyventojų skaičius liepos 1 d.","Molėtų r. sav.","Miestas ir kaimas","asmenys","17095"
"2021","Nuolatinių gyventojų skaičius liepos 1 d.","Molėtų r. sav.","Miestas","asmenys","5760"
"2021","Nuolatinių gyventojų skaičius liepos 1 d.","Molėtų r. sav.","Kaimas","asmenys","11335"
"2022","Nuolatinių gyventojų skaičius liepos 1 d.","Molėtų r. sav.","Miestas ir kaimas","asmenys","16854"
"2022","Nuolatinių gyventojų skaičius liepos 1 d.","Molėtų r. sav.","Miestas","asmenys","5791"
"2022","Nuolatinių gyventojų skaičius liepos 1 d.","Molėtų r. sav.","Kaimas","asmenys","11063"
"2020","Nuolatinių gyventojų skaičius liepos 1 d.","Utenos r. sav.","Miestas ir kaimas","asmenys","37118"
"2020","Nuolatinių gyventojų skaičius liepos 1 d.","Utenos r. sav.","Miestas","asmenys","25359"
"2020","Nuolatinių gyventojų skaičius liepos 1 d.","Utenos r. sav.","Kaimas","asmenys","11759"
"2021","Nuolatinių gyventojų skaičius liepos 1 d.","Utenos r. sav.","Miestas ir kaimas","asmenys","37442"
"2021","Nuolatinių gyventojų skaičius liepos 1 d.","Utenos r. sav.","Miestas","asmenys","25285"
"2021","Nuolatinių gyventojų skaičius liepos 1 d.","Utenos r. sav.","Kaimas","asmenys","12157"
"2022","Nuolatinių gyventojų skaičius liepos 1 d.","Utenos r. sav.","Miestas ir kaimas","asmenys","37459"
"2022","Nuolatinių gyventojų skaičius liepos 1 d.","Utenos r. sav.","Miestas","asmenys","25458"
"2022","Nuolatinių gyventojų skaičius liepos 1 d.","Utenos r. sav.","Kaimas","asmenys","12001"
"2020","Nuolatinių gyventojų skaičius liepos 1 d.","Visagino sav.","Miestas ir kaimas","asmenys","18210"
"2020","Nuolatinių gyventojų skaičius liepos 1 d.","Visagino sav.","Miestas","asmenys","17985"
"2020","Nuolatinių gyventojų skaičius liepos 1 d.","Visagino sav.","Kaimas","asmenys","225"
"2021","Nuolatinių gyventojų skaičius liepos 1 d.","Visagino sav.","Miestas ir kaimas","asmenys","19550"
"2021","Nuolatinių gyventojų skaičius liepos 1 d.","Visagino sav.","Miestas","asmenys","19360"
"2021","Nuolatinių gyventojų skaičius liepos 1 d.","Visagino sav.","Kaimas","asmenys","190"
"2022","Nuolatinių gyventojų skaičius liepos 1 d.","Visagino sav.","Miestas ir kaimas","asmenys","19707"
"2022","Nuolatinių gyventojų skaičius liepos 1 d.","Visagino sav.","Miestas","asmenys","19508"
"2022","Nuolatinių gyventojų skaičius liepos 1 d.","Visagino sav.","Kaimas","asmenys","199"
"2020","Nuolatinių gyventojų skaičius liepos 1 d.","Zarasų r. sav.","Miestas ir kaimas","asmenys","14807"
"2020","Nuolatinių gyventojų skaičius liepos 1 d.","Zarasų r. sav.","Miestas","asmenys","6552"
"2020","Nuolatinių gyventojų skaičius liepos 1 d.","Zarasų r. sav.","Kaimas","asmenys","8255"
"2021","Nuolatinių gyventojų skaičius liepos 1 d.","Zarasų r. sav.","Miestas ir kaimas","asmenys","14950"
"2021","Nuolatinių gyventojų skaičius liepos 1 d.","Zarasų r. sav.","Miestas","asmenys","6525"
"2021","Nuolatinių gyventojų skaičius liepos 1 d.","Zarasų r. sav.","Kaimas","asmenys","8425"
"2022","Nuolatinių gyventojų skaičius liepos 1 d.","Zarasų r. sav.","Miestas ir kaimas","asmenys","14659"
"2022","Nuolatinių gyventojų skaičius liepos 1 d.","Zarasų r. sav.","Miestas","asmenys","6417"
"2022","Nuolatinių gyventojų skaičius liepos 1 d.","Zarasų r. sav.","Kaimas","asmenys","8242"
